{"NVDA": 0.20218207228422394, "NFLX": 0.15349829149368224, "TSLA": 0.1256424700490107, "META": 0.08998446858975068, "AMD": 0.05270649772763101, "AMZN": 0.07061763571482928, "BA": 0.1268161051838927, "AAPL": 0.08268727270703624, "SBUX": 0.04951030805817685, "COST": 0.04635487819176647}