{"NVDA": 0.27680862688102953, "AMD": 0.15776523542149162, "TSLA": 0.09428944575839633, "AAPL": 0.10416924533573477, "NFLX": 0.08505243079494455, "AMZN": 0.09040568537681287, "BA": 0.0672831275255719, "META": 0.03431564701210706, "SBUX": 0.047974328144559764, "COST": 0.04193622774935154}