{"NFLX": 0.14770839188801524, "NVDA": 0.16936851629252303, "TSLA": 0.12731272466906823, "AMD": 0.06952955217481678, "META": 0.09338913293530532, "BA": 0.1411518974353178, "AMZN": 0.07152297230000297, "AAPL": 0.08067558408663163, "SBUX": 0.05277019052807648, "COST": 0.04657103769024238}