{"NVDA": 0.20815989500829923, "AMD": 0.09596269701421775, "AMZN": 0.11414963795586598, "MU": 0.07619524820273496, "AVGO": 0.04878166123250132, "MSFT": 0.06608289376356746, "BA": 0.06754903595441261, "SBUX": 0.06687722647303025, "HD": 0.06067211293240671, "AAPL": 0.049654499952599886, "QCOM": 0.01875836717859595, "WMT": 0.026883006778699262, "DIS": 0.024627425003422142, "TSLA": 0.013621238484143743, "PFE": 0.02668518055742434, "BAC": 0.014262986465855491, "JNJ": 0.012410616622028454, "GOOG": 0.004898417143371406, "INTC": 0.0037678532768232564}