{"NFLX": 0.39601560216237236, "TSLA": 0.11863309130149843, "AAPL": 0.147732628829054, "META": 0.049370280500699255, "SBUX": 0.07513650316898879, "COST": 0.09872980111355617, "BA": 0.05205350118028811, "NVDA": 0.02809082006785567, "AMZN": 0.02923777167568729, "AMD": 0.005}