{"NFLX": 0.462346546730898, "TSLA": 0.11966917209464979, "AAPL": 0.1167954949941876, "META": 0.05309808583217118, "COST": 0.10745775558429368, "SBUX": 0.05392059692464837, "BA": 0.04740378648515761, "NVDA": 0.023160713686081698, "AMZN": 0.011147847667912249, "AMD": 0.005000000000000001}