{"NFLX": 0.10921903747273624, "TSLA": 0.09284565852688986, "MU": 0.13282495831144578, "NVDA": 0.09148022151913042, "AMD": 0.05397003294680181, "META": 0.04891200103491376, "HD": 0.07738907745821313, "AAPL": 0.06598965624074928, "AMZN": 0.03828867850796615, "SBUX": 0.04669136859144953, "GOOG": 0.033845573862396554, "BAC": 0.03777017348258311, "BA": 0.047590120525631704, "COST": 0.03635749417522694, "MSFT": 0.024119834047948648, "TSM": 0.01695364122245048, "CAT": 0.013541103359735998, "TLT": 0.01914036991824389, "GLD": 0.008070998795486757, "UNG": 0.005000000000000001}