{"AMD": 0.10643432241542583, "NVDA": 0.13157893056498332, "NFLX": 0.08737568622809042, "MU": 0.07925538194770335, "AMZN": 0.09088159820833036, "MSFT": 0.0713936395308198, "AAPL": 0.05548483257886677, "BA": 0.053771636390105994, "CAT": 0.04715478101364785, "SBUX": 0.05281680530681409, "TSM": 0.04726326559945696, "TSLA": 0.03310986950865171, "COST": 0.04435080612135833, "BAC": 0.020437023905130983, "HD": 0.01622051371139971, "GLD": 0.026398608658819284, "META": 0.010475955866584244, "TLT": 0.015058569489348046, "GOOG": 0.005537772954462984, "UNG": 0.005}