{"NVDA": 0.2154321851861412, "NFLX": 0.14580590579003888, "TSLA": 0.12360354940840093, "META": 0.08852420447467578, "AMD": 0.05185117893240836, "AMZN": 0.07281535678991553, "BA": 0.12475813884241345, "AAPL": 0.081345427175248, "SBUX": 0.05026142019351988, "COST": 0.04560263320723795}