{"TSLA": 0.09906470853795868, "AVGO": 0.09998212539158285, "MU": 0.099750174050408, "AAPL": 0.08787650296162385, "HD": 0.10693224301560646, "SBUX": 0.06922654355410379, "DIS": 0.09251031733819813, "AMZN": 0.032234768834136486, "GOOG": 0.03890001367226546, "BAC": 0.02912071677639967, "QCOM": 0.04499668055366771, "PFE": 0.03792545710078931, "JNJ": 0.05292971741663731, "MSFT": 0.02603561117949735, "BA": 0.03693496303804691, "NVDA": 0.012714513095078199, "WMT": 0.019492938989947802, "INTC": 0.008372004494052105, "AMD": 0.005000000000000001}