{"AMD": 0.15974402896469303, "NVDA": 0.19748280459076506, "NFLX": 0.1311395030744995, "AMZN": 0.13640141945832518, "AAPL": 0.08327549329421054, "BA": 0.0807042093757446, "SBUX": 0.07927113251891608, "TSLA": 0.04969359351171761, "COST": 0.06656477249890336, "META": 0.015723042712225115}