{"NVDA": 0.2709512975146037, "AMD": 0.16057417721572953, "TSLA": 0.09596822856652701, "AAPL": 0.1060239337030169, "NFLX": 0.08220880378890989, "AMZN": 0.09201531951080447, "BA": 0.06848107451591293, "META": 0.03058985310144197, "SBUX": 0.05050442793311349, "COST": 0.042682884149940196}