{"AMD": 0.18811605393401454, "NVDA": 0.23958355181342297, "TSLA": 0.14191566595967922, "AAPL": 0.08595401501188177, "AMZN": 0.0875972123965931, "NFLX": 0.06794311442132134, "BA": 0.0771919465772452, "COST": 0.04910674032709701, "SBUX": 0.04497146106639411, "META": 0.01762023849235073}