{"NVDA": 0.2790001965138108, "AMD": 0.13023167927194682, "NFLX": 0.10787668315307207, "AMZN": 0.12364746338175323, "AAPL": 0.09187541776627901, "BA": 0.07051128570891317, "SBUX": 0.06829990397714052, "META": 0.039129402277096784, "COST": 0.0638464632629138, "TSLA": 0.025581504687073858}