{"NVDA": 0.23211336068008676, "TSLA": 0.1278137844468317, "TSM": 0.054937502148254144, "JPM": 0.06492953363063281, "AAPL": 0.053559853392628316, "MSFT": 0.05633599443438604, "BAC": 0.06081664642539407, "COST": 0.07417229229710198, "QCOM": 0.03793354439502424, "GOOG": 0.0372945992617209, "CAT": 0.028522357435578516, "AMZN": 0.022862109937450845, "WMT": 0.045548893698452025, "MU": 0.02115035367317366, "BA": 0.01937959395180522, "DIS": 0.016669716149724515, "SBUX": 0.016400735830984087, "HD": 0.021524599489829287, "AMD": 0.008034528720940763}