{"NFLX": 0.4103243411672512, "TSLA": 0.05447981592604284, "AAPL": 0.14978802060812493, "SBUX": 0.10372801442958665, "AMZN": 0.067339909824865, "AMD": 0.03733712955282071, "BA": 0.06331676092190482, "COST": 0.06634336604780344, "NVDA": 0.030804378294457403, "META": 0.01653826322714299}