{"NFLX": 0.40007433395576886, "TSLA": 0.11984895223421207, "AAPL": 0.14375745268220813, "META": 0.049876272502082396, "SBUX": 0.07590657109709928, "COST": 0.09366595878639512, "BA": 0.05900747839748566, "NVDA": 0.028378720604828045, "AMZN": 0.024484259739920515, "AMD": 0.005000000000000001}