{"NFLX": 0.24517513858474294, "TSLA": 0.1424688233233932, "META": 0.08757217141290323, "AAPL": 0.11165775367401452, "AMZN": 0.08615111595415614, "SBUX": 0.1004607719976008, "NVDA": 0.06146632406771164, "COST": 0.09558622506232585, "BA": 0.06446167592315163, "AMD": 0.005}