{"NVDA": 0.36724318957377644, "TSLA": 0.1321973442821718, "META": 0.11619922265486017, "NFLX": 0.08759221467808338, "AMD": 0.054734331308414694, "AAPL": 0.06678818959776939, "COST": 0.07112714004809136, "AMZN": 0.0491315533368005, "BA": 0.029553882455364784, "SBUX": 0.025432932064667565}