{"TSLA": 0.1325903466113115, "NVDA": 0.0948476653349255, "MSFT": 0.09896278631569143, "AMD": 0.04566564037337185, "AAPL": 0.08236967074729797, "MU": 0.05426775986347246, "COST": 0.07421556346529623, "TSM": 0.04851821802556327, "AMZN": 0.04783156871023945, "BA": 0.04546515625528436, "HD": 0.04610142916893329, "QCOM": 0.028323555197340727, "SBUX": 0.04030157611826038, "CAT": 0.04026765733282105, "GOOG": 0.03267285077086841, "BAC": 0.029004545127869923, "JPM": 0.0293836730019458, "WMT": 0.01993503184103417, "DIS": 0.009275305738472147}