{"TSLA": 0.10369243104722754, "MU": 0.11815235596625541, "HD": 0.13114003023644744, "AMZN": 0.05508754226964918, "AAPL": 0.08286782624132764, "DIS": 0.08617054631357773, "SBUX": 0.051050242702193806, "GOOG": 0.06466516639796131, "COST": 0.05694194596622552, "NVDA": 0.024356365903765095, "MSFT": 0.0373671284235042, "BAC": 0.039479131185358445, "BA": 0.04375288065435207, "QCOM": 0.03268242055181479, "JPM": 0.027414559514291382, "WMT": 0.01634000954502362, "CAT": 0.01501554502467278, "TSM": 0.009978293974292058, "AMD": 0.003845578082059936}