{"AAPL": 0.1582382137574325, "TSLA": 0.05706201920732145, "SBUX": 0.09017140866272638, "AMD": 0.06401140853981123, "MU": 0.07408862832011825, "AMZN": 0.04300367904632035, "GOOG": 0.08085232513640832, "HD": 0.08856035305951165, "DIS": 0.051943256179847304, "BA": 0.03947387891124359, "PFE": 0.05166711044820408, "MSFT": 0.04530541548352477, "AVGO": 0.01877482537031065, "JNJ": 0.061270751399450214, "NVDA": 0.013497197599969262, "BAC": 0.013974229769199752, "WMT": 0.03039877098873555, "QCOM": 0.012706528119864953, "INTC": 0.005000000000000001}