{"NFLX": 0.40768259007440494, "TSLA": 0.12212813249337082, "AAPL": 0.13604651672166926, "META": 0.050824774875845476, "SBUX": 0.07735009442508672, "COST": 0.0918388368042973, "BA": 0.05545130305147525, "NVDA": 0.029634159136239915, "AMZN": 0.024043592417610497, "AMD": 0.005}