{"TSLA": 0.19315395948900263, "NVDA": 0.1913115937235598, "META": 0.12187053283085612, "AAPL": 0.12042446993670494, "COST": 0.1368864396455679, "AMD": 0.04000395182135554, "SBUX": 0.07678638033997866, "BA": 0.047058234836641274, "AMZN": 0.04467016789603857, "NFLX": 0.027834269480294643}