{"TSLA": 0.060005557930014955, "AAPL": 0.15349383200202224, "MU": 0.09601198154943466, "SBUX": 0.09220249386496299, "AMZN": 0.05969707680310986, "AMD": 0.04518187424934622, "GOOG": 0.07708150445495288, "DIS": 0.05987246964787591, "BA": 0.056531969624713296, "HD": 0.07072480323131339, "COST": 0.05682010047654094, "CAT": 0.031333577419820964, "MSFT": 0.0349673465644825, "BAC": 0.025726847449051484, "QCOM": 0.030037310835185117, "NVDA": 0.008763610353297322, "WMT": 0.02533550752028345, "JPM": 0.010837096055417049, "TSM": 0.005375039968174774}