{"TSLA": 0.12470712465288816, "AMD": 0.05753974491935384, "MSFT": 0.10582602660552398, "NVDA": 0.06390871306805915, "AAPL": 0.07973279371977371, "SBUX": 0.07936599220528165, "TSM": 0.05446251479600792, "COST": 0.06954391849235966, "AMZN": 0.05710731859420387, "QCOM": 0.03823047004525699, "CAT": 0.06095056382855033, "BAC": 0.04732457858252117, "GOOG": 0.03942632429525818, "BA": 0.024363734802715635, "HD": 0.028677793149193234, "JPM": 0.039051449426196636, "DIS": 0.019780938816856032, "WMT": 0.005, "MU": 0.005}