{"TSLA": 0.11742634382621056, "NVDA": 0.1163062928761867, "MSFT": 0.09674161178566437, "META": 0.07409017722618516, "AAPL": 0.07321105531197666, "COST": 0.08321897293480783, "AMD": 0.024320069924578042, "SBUX": 0.04668164154038936, "BAC": 0.053531500179772484, "TSM": 0.03586817523667679, "GOOG": 0.042287975289210335, "UNG": 0.022240267664951078, "CAT": 0.03485783407020122, "BA": 0.028608662635759317, "AMZN": 0.027156857193152348, "HD": 0.03154871207978359, "NFLX": 0.016921612721744757, "MU": 0.013488295477599917, "GLD": 0.030834323979282915, "TLT": 0.030659618045866737}