{"MU": 0.18151351674612326, "NVDA": 0.1093069957573872, "TSLA": 0.08216504318446102, "AMD": 0.044872958864794886, "BA": 0.09109656382335896, "AMZN": 0.0461594716709299, "AAPL": 0.052066381169990066, "CAT": 0.052088053188179384, "MSFT": 0.037944580910215756, "DIS": 0.04275420462116144, "HD": 0.043637130028752365, "JPM": 0.04001761296408543, "SBUX": 0.034056807713935267, "GOOG": 0.02182707291189781, "TSM": 0.024998419774839326, "BAC": 0.021831177389774723, "COST": 0.030056000552265393, "WMT": 0.02471680287187751, "QCOM": 0.018891205855970164}