{"AAPL": 0.19001466538003037, "SBUX": 0.17199475426081307, "AMD": 0.07505760666495656, "AMZN": 0.0746248963613741, "GOOG": 0.08722862169689508, "DIS": 0.05833167066264776, "AVGO": 0.025728050282971652, "NVDA": 0.028676003313211403, "MU": 0.031456133430603904, "MSFT": 0.04805013652384819, "HD": 0.06663803793998173, "QCOM": 0.03103373058066925, "PFE": 0.043661008521197135, "BA": 0.02577770019216177, "WMT": 0.020572472128403275, "JNJ": 0.009211621381618181, "TSLA": 0.0019428906786165974, "BAC": 0.005, "INTC": 0.005}