{"NVDA": 0.24291884671328118, "AMD": 0.14182385512243575, "MU": 0.08512510405766979, "MSFT": 0.09353275743411538, "AMZN": 0.07138105896739354, "TSLA": 0.04515611824638475, "AAPL": 0.06685512765840003, "BA": 0.08245621861100008, "SBUX": 0.03533803956124892, "AVGO": 0.02532716600362307, "HD": 0.027124750955556706, "WMT": 0.032009158921013275, "BAC": 0.013406257142931333, "QCOM": 0.007195819766179625, "JNJ": 0.008943156214403107, "PFE": 0.007745093683479359, "INTC": 0.0036614709408841497, "DIS": 0.005000000000000001, "GOOG": 0.005000000000000001}