{"NVDA": 0.24475640971455453, "TSLA": 0.13585507840163383, "AMD": 0.12812582618735197, "META": 0.12335214144428014, "AAPL": 0.0959968934689494, "COST": 0.08374410133244839, "SBUX": 0.06832136446693353, "NFLX": 0.03922492962433834, "BA": 0.046995939750925274, "AMZN": 0.0336273156085846}