{"NVDA": 0.27263031620676176, "AMD": 0.12568703368881748, "NFLX": 0.11513900844366533, "AMZN": 0.1249087692171448, "AAPL": 0.09469625093212755, "BA": 0.07123055882372856, "SBUX": 0.07298691415872056, "COST": 0.06981296590269444, "META": 0.039528554367060084, "TSLA": 0.013379628259279613}