{"AMD": 0.11326321511459618, "NVDA": 0.14002111705058667, "MU": 0.08434045682646432, "AMZN": 0.09671261839438881, "MSFT": 0.07597430009871717, "AAPL": 0.059044774142017996, "BA": 0.05722165821420902, "CAT": 0.05018026125805824, "SBUX": 0.05620556457138127, "TSM": 0.050295706282748265, "TSLA": 0.03523421944603004, "COST": 0.04719638158283718, "JPM": 0.046958179375196, "WMT": 0.02494416710495767, "BAC": 0.021748276141921583, "HD": 0.017261232016799626, "QCOM": 0.008744977981627702, "DIS": 0.008759814466451193, "GOOG": 0.005893079931011316}