{"NVDA": 0.2791134774846489, "AMD": 0.08205541226618292, "NFLX": 0.10432364738925652, "AMZN": 0.1426637455004692, "META": 0.07796170714477463, "AAPL": 0.09193940172415353, "BA": 0.10344078164780113, "COST": 0.07265818808676083, "SBUX": 0.04404350868758102, "TSLA": 0.0018001300683713807}