{"NFLX": 0.4046556386062048, "TSLA": 0.05463575582597096, "AAPL": 0.15021676524587793, "SBUX": 0.10402491954783907, "AMZN": 0.06753265971986305, "AMD": 0.03744400121064668, "BA": 0.06497754570146864, "NVDA": 0.03339384924596523, "COST": 0.06653326349305974, "META": 0.016585601403103906}