{"TSLA": 0.1293561222598955, "MU": 0.16923028299065135, "NVDA": 0.09409192236203846, "AMD": 0.051467370148409186, "AVGO": 0.08259129057190634, "AMZN": 0.04131245039631822, "DIS": 0.04860659685498027, "BA": 0.06079683684520539, "HD": 0.04586272997218018, "JNJ": 0.06049939845811429, "AAPL": 0.03883016358646412, "BAC": 0.035872731136789744, "GOOG": 0.028948638530731673, "SBUX": 0.03775687519424284, "MSFT": 0.026881531738877244, "QCOM": 0.01754663517809454, "PFE": 0.014888150728094334, "INTC": 0.007379517000119673, "WMT": 0.00808075604688643}