{"NFLX": 0.3195205732278976, "TSLA": 0.04271934280672704, "AAPL": 0.10927580467896372, "MU": 0.06835314752255364, "SBUX": 0.06564108524157704, "AMZN": 0.04249972796663115, "AMD": 0.03216601997033999, "GOOG": 0.054876103588769154, "BA": 0.04024641505298983, "HD": 0.05035062114913727, "COST": 0.0404515420621708, "META": 0.01581851910897778, "CAT": 0.022307097564522548, "MSFT": 0.024894061757945302, "GLD": 0.027103075615906243, "BAC": 0.0183155369839943, "NVDA": 0.006239016648153299, "TLT": 0.010395693937054983, "TSM": 0.0038266151156885033, "UNG": 0.005000000000000001}