{"TSLA": 0.12118952679784759, "AMD": 0.05591672872143195, "MSFT": 0.10284100545912842, "NVDA": 0.06210604820322215, "AAPL": 0.0774837810435074, "SBUX": 0.07712732585224422, "TSM": 0.05292629763311693, "COST": 0.06758230211157355, "AMZN": 0.0554964997901201, "CAT": 0.05923133909954158, "BAC": 0.04598970027002758, "NFLX": 0.028427064059115513, "GOOG": 0.03831423102745848, "UNG": 0.01537661037302534, "BA": 0.023676510062979602, "HD": 0.027868882319521858, "TLT": 0.040778960567420655, "GLD": 0.03318168963230167, "META": 0.00948549697641537, "MU": 0.004999999999999999}