{"AAPL": 0.21491728650929282, "SBUX": 0.12465237751909031, "AMD": 0.06493842996614964, "AMZN": 0.06060632456737235, "GOOG": 0.07648411217031334, "CAT": 0.05562419657311731, "HD": 0.08184577168877687, "DIS": 0.04297976077815298, "MU": 0.027219090142062856, "MSFT": 0.05098796689468543, "COST": 0.04709601813284909, "NVDA": 0.022283585910187004, "BA": 0.026950760504492657, "QCOM": 0.026854050152394157, "WMT": 0.03969720915501039, "BAC": 0.024326834329997854, "TSLA": 0.0029110938620043607, "TSM": 0.004625131144050604, "JPM": 0.005}