{"TSLA": 0.17420799855438768, "NVDA": 0.13696693517022676, "AAPL": 0.10023373641816916, "MSFT": 0.10467300141772679, "AVGO": 0.07698902053627323, "SBUX": 0.0790869263496488, "AMD": 0.030287217010091606, "GOOG": 0.06259616627482918, "BAC": 0.056805302639254644, "QCOM": 0.025190453887818636, "AMZN": 0.02757812121505515, "HD": 0.03573121193888573, "BA": 0.02198114951948728, "DIS": 0.024661026395236287, "MU": 0.010524714558475388, "PFE": 0.01748701811443383, "WMT": 0.005, "JNJ": 0.005, "INTC": 0.005}