{"NFLX": 0.4053755605187198, "TSLA": 0.05473295817303677, "AAPL": 0.15048401554615826, "SBUX": 0.1042099900420698, "AMZN": 0.06587370922732937, "AMD": 0.03751061774676276, "BA": 0.0650931471030284, "NVDA": 0.03345326016607053, "COST": 0.0666516326685512, "META": 0.01661510880827306}