{"NFLX": 0.17299442276090496, "TSLA": 0.14706026965971775, "NVDA": 0.14489752411242532, "AMD": 0.0854843158487789, "META": 0.07747278845254328, "AAPL": 0.10452246012888225, "AMZN": 0.06064627550317789, "SBUX": 0.0739554801461308, "BA": 0.07537903299604401, "COST": 0.0575874303913949}