{"NVDA": 0.2527323831217408, "TSLA": 0.1315097599965802, "AMD": 0.1264165402671991, "META": 0.12170653973488622, "AAPL": 0.09471622942745511, "NFLX": 0.05117009979641809, "COST": 0.08262689789608499, "SBUX": 0.06740991086070897, "BA": 0.04636898185718145, "AMZN": 0.025342657041745188}