{"NVDA": 0.32818617518465487, "TSLA": 0.18071651252895876, "META": 0.13825554385174987, "NFLX": 0.07796580523837211, "AAPL": 0.07572852927067869, "COST": 0.1048725538346509, "AMZN": 0.03232484504571121, "BA": 0.027400899271974852, "SBUX": 0.023189077728287613, "AMD": 0.011360058044961227}