{"TSLA": 0.1722128902932472, "NFLX": 0.20588113687146475, "META": 0.09393216171573535, "AMZN": 0.09148965626128373, "AAPL": 0.1376272860536738, "SBUX": 0.08478448964044813, "COST": 0.09456945887689067, "NVDA": 0.04045117012848195, "BA": 0.07266499550685318, "AMD": 0.0063867546519212485}