{"NVDA": 0.25819993645863104, "TSLA": 0.14168910794901504, "AMD": 0.07814178960570212, "AAPL": 0.12634157154260836, "NFLX": 0.07984841117308482, "COST": 0.0861715731959089, "AMZN": 0.05715993306245765, "BA": 0.06367802031892995, "META": 0.04634787954966258, "SBUX": 0.0624217771439996}