{"NVDA": 0.2723839084085863, "AMD": 0.10200775825754854, "NFLX": 0.0928908647833457, "AMZN": 0.14146064008876771, "AAPL": 0.09511239132480094, "META": 0.05871244736149455, "BA": 0.11229448680565808, "COST": 0.06980850818207814, "SBUX": 0.04915629899837914, "TSLA": 0.0061726957893410515}