{"NVDA": 0.22031559396523415, "TSLA": 0.1213173156204444, "META": 0.09281272206407365, "NFLX": 0.052339446292656855, "TSM": 0.05214516037032813, "AAPL": 0.050837534204467315, "MSFT": 0.05347257063991447, "BAC": 0.05772548181167165, "COST": 0.07040229216155124, "GOOG": 0.03539900402099659, "CAT": 0.027072634256367037, "AMZN": 0.021700083594542022, "MU": 0.020075331805231116, "GLD": 0.03915022961581333, "UNG": 0.015493641989030287, "BA": 0.018394575563367484, "SBUX": 0.015567125672917584, "HD": 0.020430555602533887, "AMD": 0.007626152851341051, "TLT": 0.007722547897517662}