{"NVDA": 0.20756714592159636, "NFLX": 0.1575866836719082, "TSLA": 0.1237004382646612, "META": 0.0923811845008154, "AMD": 0.03700369857921502, "AMZN": 0.07249852042495782, "BA": 0.13019382338167632, "AAPL": 0.080649971513117, "SBUX": 0.05082900388362803, "COST": 0.04758952985842451}