{"NFLX": 0.24367662319939076, "TSLA": 0.14159805100563091, "META": 0.08703692853734725, "AMZN": 0.08562455859818695, "SBUX": 0.0998467537356687, "AAPL": 0.11705675927585518, "NVDA": 0.06109064065695394, "COST": 0.09500200012944539, "BA": 0.06406768486152105, "AMD": 0.005000000000000001}