{"NVDA": 0.2554350100509077, "TSLA": 0.13914956273283238, "AMD": 0.08763736469716343, "AAPL": 0.12407710578189876, "NFLX": 0.07841725917029742, "AMZN": 0.062422925437011514, "COST": 0.0846270888692848, "BA": 0.061413544531453264, "META": 0.04551716971251046, "SBUX": 0.06130296901664018}