{"NFLX": 0.44714580118248803, "TSLA": 0.05978261297021084, "AAPL": 0.15292354022595409, "SBUX": 0.09185992424311999, "AMZN": 0.05947527797567766, "AMD": 0.04501400528043932, "BA": 0.056321930452836434, "COST": 0.05660899078180928, "META": 0.022136866897329414, "NVDA": 0.00873104999013507}