{"NVDA": 0.2802100857292693, "AMD": 0.1700904927192658, "TSLA": 0.09356730642248252, "AAPL": 0.10337143908028021, "NFLX": 0.07548324932996214, "AMZN": 0.08971329079250139, "BA": 0.06815780383301515, "META": 0.028550369504331558, "SBUX": 0.04924091394303443, "COST": 0.041615048645857335}