{"NVDA": 0.24266662086298585, "TSLA": 0.10950498962802087, "AVGO": 0.11827097916027565, "MSFT": 0.0851757473111729, "AAPL": 0.06200837405280208, "QCOM": 0.04663168367775276, "MU": 0.03437876757890209, "GOOG": 0.05908880070966543, "AMD": 0.02677960153871907, "BAC": 0.06295329918732902, "AMZN": 0.043282184806802314, "BA": 0.019444195113427164, "SBUX": 0.01883265700852979, "DIS": 0.01992987786531973, "HD": 0.020309755775615942, "WMT": 0.012554823316544915, "PFE": 0.008187642406134472, "JNJ": 0.005, "INTC": 0.005}