{"TSLA": 0.09737171835236927, "NFLX": 0.11640824353727217, "MU": 0.11095021894679268, "HD": 0.12314621192639083, "META": 0.05311063520993835, "AMZN": 0.051729606456631876, "AAPL": 0.07781650556122606, "SBUX": 0.04793840595707605, "GOOG": 0.06072341352324515, "COST": 0.05347097246214469, "NVDA": 0.022871690603805894, "MSFT": 0.035089364457402676, "BAC": 0.03707262722798073, "BA": 0.04108586450480665, "TLT": 0.030839982437431572, "CAT": 0.014100252123357368, "TSM": 0.009370053539003104, "AMD": 0.0036111656571909097, "GLD": 0.008293067515933845, "UNG": 0.005}