{"NFLX": 0.1627534135831921, "NVDA": 0.1800148257881073, "TSLA": 0.11899922221976357, "AMD": 0.06387656818601627, "META": 0.07719305557654409, "AAPL": 0.09840414640606863, "AMZN": 0.07432440455294329, "SBUX": 0.0824777040789568, "BA": 0.079027870504141, "COST": 0.06292878910426694}