{"MU": 0.17182111541407152, "NFLX": 0.09023769804300753, "NVDA": 0.10347025538524574, "TSLA": 0.07777762020745473, "AMD": 0.0424768468061951, "META": 0.05705309136872499, "BA": 0.08623221833342058, "AMZN": 0.04369466280859111, "AAPL": 0.049286157023305945, "CAT": 0.049306671805925524, "MSFT": 0.035918428185332384, "HD": 0.04130700836729419, "SBUX": 0.03223825307200375, "GOOG": 0.020661557779148958, "TSM": 0.02366356206579207, "BAC": 0.020665443087414952, "COST": 0.02845107974520298, "TLT": 0.015738649696686376, "GLD": 0.004999680805181573, "UNG": 0.005}