{"TSLA": 0.2089819438663344, "NVDA": 0.14949391097817127, "AMD": 0.07197578509319663, "AAPL": 0.129826750953917, "NFLX": 0.08362593009048269, "COST": 0.11697467511401584, "AMZN": 0.07538960763520025, "BA": 0.07165979255088076, "SBUX": 0.06352122860619004, "META": 0.028550375111611282}