{"NVDA": 0.3717903440438027, "TSLA": 0.13285856444949615, "META": 0.11763798538677593, "NFLX": 0.08637009747959587, "AMD": 0.0472536240089943, "AAPL": 0.0676151517402857, "COST": 0.0720078264760282, "AMZN": 0.04879875274933317, "BA": 0.02991981454758278, "SBUX": 0.025747839118105225}