{"NVDA": 0.392837924846438, "TSLA": 0.12796432318191464, "META": 0.11516488953289876, "NFLX": 0.081963368341139, "AMD": 0.04254806754069075, "AAPL": 0.06739746345132278, "AMZN": 0.04915178987041673, "COST": 0.06935520353532351, "BA": 0.028817628988948133, "SBUX": 0.02479934071090783}