{"NVDA": 0.257484436470912, "TSLA": 0.14129647208555238, "AMD": 0.08118375123951993, "AAPL": 0.12599146536470998, "NFLX": 0.07962714257791273, "COST": 0.08593278243395502, "AMZN": 0.05765462443227555, "BA": 0.062361081200263464, "META": 0.046219444555822456, "SBUX": 0.06224879963907645}