{"TSLA": 0.12866643316647766, "NVDA": 0.09204071868510763, "MSFT": 0.09603405569776251, "AMD": 0.04431419945170875, "AAPL": 0.07993200113746315, "MU": 0.05266174556460701, "NFLX": 0.05148698469305877, "COST": 0.0720192086420368, "TSM": 0.04708235717373226, "AMZN": 0.04641602873808895, "BA": 0.044119648513121466, "HD": 0.04473709139951532, "SBUX": 0.039108880719084575, "CAT": 0.03907596573506533, "GOOG": 0.03170592186769045, "BAC": 0.028146177022670107, "META": 0.01757795368926977, "TLT": 0.019074680423503167, "UNG": 0.007614755224390249, "GLD": 0.018185192455646197}