{"NVDA": 0.25272144037456995, "TSLA": 0.1315040659179807, "AMD": 0.12641106671362726, "META": 0.12170127011380757, "AAPL": 0.09471212842647218, "NFLX": 0.04965950468370242, "COST": 0.08262332033612999, "SBUX": 0.06740699216227292, "BA": 0.04636697418393133, "AMZN": 0.026893237087505788}