{"TSLA": 0.20949239898621855, "AMD": 0.09665958728310192, "NVDA": 0.10735865856914804, "AAPL": 0.13394113833288393, "SBUX": 0.13332495758590093, "COST": 0.11682510009286035, "AMZN": 0.09593316504786388, "NFLX": 0.04914000411778809, "BA": 0.04092803251050433, "META": 0.016396957473730076}