{"NVDA": 0.18338233102788773, "AMD": 0.1418769870070108, "TSLA": 0.11804202547451025, "AAPL": 0.11806719060267681, "SBUX": 0.13027266885041627, "NFLX": 0.06406456008201661, "COST": 0.0955994795518096, "AMZN": 0.07204051011143218, "META": 0.047215594314233146, "BA": 0.02943865297800656}