{"NFLX": 0.24209177520196773, "TSLA": 0.14843593087607604, "META": 0.09124000942302433, "AAPL": 0.11633438263550613, "AMZN": 0.08705797127141948, "SBUX": 0.08616652908730699, "NVDA": 0.07044502651571838, "COST": 0.08606681186042649, "BA": 0.0671615631285545, "AMD": 0.005}