{"NVDA": 0.2800517910985465, "AMD": 0.0706526064951591, "NFLX": 0.10467435886144683, "AMZN": 0.14314334733058892, "META": 0.07822379599779558, "AAPL": 0.09103034060042331, "BA": 0.10378852513380919, "COST": 0.07546028820129397, "SBUX": 0.04797494628093655, "TSLA": 0.005}