{"NVDA": 0.17968895558271303, "AMD": 0.13901954170620165, "TSLA": 0.11566462348631139, "AAPL": 0.11568928178120823, "SBUX": 0.1365067450838291, "NFLX": 0.07741928060285122, "AMZN": 0.07307371019104063, "COST": 0.09091299542289745, "META": 0.046264658007054246, "BA": 0.02576020813589307}