{"TSLA": 0.12061721363233953, "NVDA": 0.15313513249318636, "AMD": 0.10269371236893544, "MU": 0.0849298451438441, "MSFT": 0.0989312244756594, "AAPL": 0.06974605097720511, "BA": 0.06682453448338818, "AMZN": 0.05294669308281385, "QCOM": 0.02695988293100484, "BAC": 0.03940079953741621, "AVGO": 0.031233045315583213, "SBUX": 0.04417059280393447, "HD": 0.03084332760268152, "WMT": 0.0269921214867363, "GOOG": 0.02354465191963844, "DIS": 0.013806495463184154, "INTC": 0.0032246762824489463, "PFE": 0.005000000000000001, "JNJ": 0.005000000000000001}