{"NVDA": 0.296693714451596, "AMD": 0.12800754681368362, "NFLX": 0.10000967528178258, "AMZN": 0.12153577797443386, "AAPL": 0.09030634409762298, "BA": 0.06930707456692535, "SBUX": 0.06951094364202003, "COST": 0.0627560757928127, "META": 0.03672823066910519, "TSLA": 0.02514461671001781}