{"TSLA": 0.08095401328902442, "MU": 0.1401286440160674, "AAPL": 0.11548754295513482, "SBUX": 0.06585647052013695, "AVGO": 0.048188844262552016, "DIS": 0.0720571655478729, "HD": 0.08147330346364898, "BA": 0.05386441203440687, "GOOG": 0.05252206021754006, "AMD": 0.03160072690986589, "MSFT": 0.04341187425788837, "JNJ": 0.06687012968327605, "QCOM": 0.03876695824018117, "PFE": 0.032632416303734715, "NVDA": 0.01614597277188666, "BAC": 0.020618000619513136, "AMZN": 0.009027436114015464, "WMT": 0.025394028793254215, "INTC": 0.005}