{"NVDA": 0.18975744601204422, "AMD": 0.07106415277414475, "MU": 0.10058983604482007, "AMZN": 0.09854917616575101, "AAPL": 0.06626046511829627, "BA": 0.07823044739306328, "MSFT": 0.06247157562819837, "CAT": 0.05923235514063889, "HD": 0.0503164904856701, "COST": 0.04863240380071024, "TSM": 0.0368509976963495, "SBUX": 0.0342449515752774, "JPM": 0.03905686744520111, "WMT": 0.024429893717557497, "DIS": 0.017554525767495537, "GOOG": 0.00817436372113716, "TSLA": 0.004300235630063872, "BAC": 0.007262801192089062, "QCOM": 0.00302101469149169}