{"TSLA": 0.11417458296387167, "NVDA": 0.09708852325034296, "MSFT": 0.11626341344429358, "AAPL": 0.09618528798950036, "AMD": 0.056470166820560316, "AMZN": 0.07268645191188143, "SBUX": 0.07793116450855533, "BA": 0.05856855560391381, "MU": 0.033951687286929454, "QCOM": 0.0351377515667797, "BAC": 0.05028714753068803, "HD": 0.047992256407029386, "AVGO": 0.033086882897236866, "GOOG": 0.034527981713106504, "WMT": 0.02493216047509172, "PFE": 0.02077688620094784, "DIS": 0.019410005228817542, "INTC": 0.005529094200453508, "JNJ": 0.005000000000000001}