{"TSLA": 0.09148079381455758, "MU": 0.13531703840100587, "AVGO": 0.07763704905028143, "HD": 0.09942008074366912, "AAPL": 0.07779431269823212, "DIS": 0.08586498506372145, "SBUX": 0.039936052032859375, "NVDA": 0.036688984438955165, "JNJ": 0.08315221279262155, "GOOG": 0.037897487869757635, "AMD": 0.018948404410114552, "AMZN": 0.02297568262548182, "BA": 0.04476311778659163, "BAC": 0.034362327923382605, "PFE": 0.03696421648210381, "MSFT": 0.020449358489552268, "QCOM": 0.02770414142479397, "WMT": 0.01930465237405393, "INTC": 0.009339101578264189}