{"NFLX": 0.16987974870876493, "TSLA": 0.11989196280009984, "NVDA": 0.16567849753948508, "AMD": 0.06435577471769394, "META": 0.07777216333832482, "AAPL": 0.09914238127123282, "AMZN": 0.07716138546937226, "SBUX": 0.08309645764751603, "BA": 0.0796207431772608, "COST": 0.06340088533024943}