{"TSLA": 0.09697343196983306, "MU": 0.13873014918603288, "NVDA": 0.09554728975831862, "AMD": 0.05636945659511442, "HD": 0.08082967536848988, "DIS": 0.07670132810058744, "AAPL": 0.06892345362946213, "AMZN": 0.03999093354948539, "SBUX": 0.04876719415340231, "GOOG": 0.035350295388066076, "BAC": 0.03944937659784358, "BA": 0.04970590319946857, "JPM": 0.03775720184630002, "COST": 0.037973891767635624, "MSFT": 0.0251921643217706, "TSM": 0.017707373719042664, "QCOM": 0.025409955959022165, "CAT": 0.014143119735335065, "WMT": 0.01447780515478946}