{"NFLX": 0.28587416876876093, "TSLA": 0.07399282062706836, "MU": 0.0834352282444039, "AAPL": 0.07221599314081788, "HD": 0.09402159298410934, "META": 0.03283115502389421, "COST": 0.06644236184442924, "SBUX": 0.033339723059121376, "BAC": 0.029691504817860443, "GOOG": 0.04005840299282365, "MSFT": 0.03346998739182208, "BA": 0.02931030447562468, "TSM": 0.021818925912486534, "CAT": 0.020088494197715554, "TLT": 0.02797159051164725, "NVDA": 0.01432053471560491, "GLD": 0.024224369313950108, "AMZN": 0.006892841977859656, "UNG": 0.005000000000000001, "AMD": 0.005000000000000001}