{"NVDA": 0.17436810372377598, "AMD": 0.14244684860132728, "TSLA": 0.11851615181629624, "AAPL": 0.11854141802244846, "SBUX": 0.1307959206640687, "NFLX": 0.06377732360031817, "AMZN": 0.07860863424383356, "COST": 0.09598346340276726, "META": 0.04740523996727468, "BA": 0.029556895957889885}