{"NVDA": 0.17978715092373534, "AMD": 0.06733027782878995, "MU": 0.09530461341283011, "NFLX": 0.06131266719760901, "AMZN": 0.09337117452348655, "AAPL": 0.06277898703244512, "META": 0.03875318368311562, "BA": 0.07412003875408023, "MSFT": 0.05918917455917676, "CAT": 0.05612015020776792, "HD": 0.04767274570256221, "COST": 0.04607714482701968, "TSM": 0.03491476104765496, "SBUX": 0.03244564261709985, "TLT": 0.02277686819667089, "GOOG": 0.007744863745395859, "TSLA": 0.004074291304388898, "BAC": 0.006881196819904091, "GLD": 0.0043450676162669205, "UNG": 0.005}