{"NVDA": 0.16958003633576327, "MU": 0.14189281525531608, "AMD": 0.06336183415136416, "AVGO": 0.0948253650589987, "AMZN": 0.09840049127407396, "BA": 0.08941610092910594, "TSLA": 0.03539086961556141, "AAPL": 0.052999959592975814, "MSFT": 0.03881711969082474, "HD": 0.04657746134191061, "INTC": 0.029858501772225113, "DIS": 0.030267958954088722, "JNJ": 0.027771201525924646, "SBUX": 0.0216641787245342, "WMT": 0.020694027510336083, "QCOM": 0.018310791109321017, "GOOG": 0.010718469283127715, "PFE": 0.006621788211872648, "BAC": 0.002831029662675089}