{"NFLX": 0.17005960193487618, "TSLA": 0.11569768782564703, "NVDA": 0.16585390286299323, "AMD": 0.06702922707534134, "META": 0.07785450143091306, "AAPL": 0.0999045225267891, "AMZN": 0.07724307692590764, "SBUX": 0.08318443261863483, "BA": 0.07970503837804047, "COST": 0.06346800842085693}