{"AMD": 0.13407522107334507, "NVDA": 0.17075745000577897, "TSLA": 0.10114699883078142, "MU": 0.060556951797944646, "AAPL": 0.06126166971853475, "AMZN": 0.062432819378624854, "MSFT": 0.06344144790211308, "NFLX": 0.0484248308209015, "TSM": 0.05132788483079878, "BA": 0.055016714873555105, "CAT": 0.03090092305390276, "COST": 0.034999655414079386, "SBUX": 0.03205233396285842, "HD": 0.019954514859052436, "META": 0.012558403824777551, "GLD": 0.020606608149022577, "BAC": 0.013145076847854474, "TLT": 0.017340494656074273, "GOOG": 0.005, "UNG": 0.005}