{"NVDA": 0.2982763809473674, "AMD": 0.08091210436177726, "NFLX": 0.09465997425840518, "AMZN": 0.1353150196185018, "META": 0.07687543832279328, "AAPL": 0.09330993956607771, "BA": 0.10199950361348711, "COST": 0.07164581512481762, "SBUX": 0.04523077598538959, "TSLA": 0.0017750482013831198}