{"AMD": 0.13694500895653014, "NVDA": 0.17441239576732345, "TSLA": 0.10331198076660325, "MU": 0.061853131696967864, "AAPL": 0.06257293361990666, "AMZN": 0.06376915093289354, "MSFT": 0.06479936845614002, "TSM": 0.052426522899621096, "BA": 0.056194309812074024, "QCOM": 0.02411946226413116, "CAT": 0.031562336056614224, "COST": 0.03574879896363976, "SBUX": 0.03273839212407594, "WMT": 0.022369125118431324, "HD": 0.02038162752386034, "JPM": 0.02313106051827387, "DIS": 0.015237956346996094, "BAC": 0.013426438175917271, "GOOG": 0.005000000000000001}