{"TSLA": 0.09647648221014639, "MU": 0.10878808572511725, "AAPL": 0.09415974304660335, "HD": 0.12259125231377793, "DIS": 0.080436604400992, "COST": 0.08663172029610679, "SBUX": 0.04347042282407408, "BAC": 0.038713646973810245, "GOOG": 0.05223065928493916, "MSFT": 0.043640269634479596, "BA": 0.03821661404920301, "QCOM": 0.04470703240044098, "TSM": 0.028448884632334786, "CAT": 0.026192639186747555, "NVDA": 0.01867201170358439, "JPM": 0.02969366017125915, "WMT": 0.03294295128455534, "AMZN": 0.008987319861827991, "AMD": 0.004999999999999999}