{"TSLA": 0.12862416416205857, "NVDA": 0.1273973047319553, "MSFT": 0.10596692829027672, "AAPL": 0.08019248909649988, "COST": 0.0911547655099129, "AMD": 0.026639240944445038, "SBUX": 0.05113322044439898, "BAC": 0.05863628418129658, "TSM": 0.03928857792476056, "QCOM": 0.03197543546664754, "GOOG": 0.046320572526131726, "CAT": 0.038181890244449485, "BA": 0.03133679547040025, "JPM": 0.037050962530738904, "AMZN": 0.029746545314458944, "HD": 0.0345572091357735, "MU": 0.014774544410109742, "DIS": 0.02202306961568533, "WMT": 0.005}