{
    "NVDA": 0.17403567829056413,
    "TSLA": 0.11550642768233775,
    "AMD": 0.0834286994973343,
    "LLY": 0.09757539849722477,
    "AAPL": 0.07043488643087037,
    "MSFT": 0.0908514723319269,
    "AVGO": 0.055093156449691004,
    "SBUX": 0.07221176940610122,
    "GOOG": 0.038799601494671494,
    "BAC": 0.04413788909693789,
    "AMZN": 0.027623397184346542,
    "MU": 0.018678439659805944,
    "QCOM": 0.018379279730883966,
    "DIS": 0.02993136919118428,
    "HD": 0.025585512620229425,
    "BA": 0.014360292506341181,
    "PFE": 0.013366729929548736,
    "INTC": 0.005000000000000001,
    "WMT": 0.005000000000000001
}