{
  "timestamp": "2025-11-28T21:33:45.634871",
  "iterations": 200,
  "num_positions": 50,
  "timings_seconds": [
    0.1124361170004704,
    0.09299577799902181,
    0.11549446400022134,
    0.12602316199991037,
    0.11676277600054163,
    0.12863105799988261,
    0.09120676099701086,
    0.09050670400029048,
    0.08694563400058541,
    0.10048900400215643,
    0.11537297299946658,
    0.10663737800132367,
    0.08386945299935178,
    0.07379269000011845,
    0.06282298999940394,
    0.06990236999990884,
    0.09860984999977518,
    0.07444966700131772,
    0.06107574500128976,
    0.10163106899926788,
    0.10475266800131067,
    0.10018179300095653,
    0.1025254349988245,
    0.09240633500303375,
    0.07005534000199987,
    0.0876700320004602,
    0.08804916400185903,
    0.09102904199971817,
    0.2022440020009526,
    0.12140582199936034,
    0.08622879999893485,
    0.09916428799988353,
    0.11940119199789478,
    0.07631051499993191,
    0.06977537800048594,
    0.13554363200091757,
    0.10836319000009098,
    0.0904391999974905,
    0.11126822000005632,
    0.09532266099995468,
    0.0987091099996178,
    0.10418092000327306,
    0.10626124199916376,
    0.08507717400061665,
    0.06438516699927277,
    0.062934588000644,
    0.07466716899944004,
    0.09065367600123864,
    0.06420887000058428,
    0.06638465099968016,
    0.12703987799977767,
    0.12465908900048817,
    0.1227337609998358,
    0.21896897799888393,
    0.14963359200191917,
    0.1052738340003998,
    0.11840194700198481,
    0.097849508998479,
    0.1304657140026393,
    0.12750545800008695,
    0.09471298499920522,
    0.09001788100067643,
    0.09015447400088306,
    0.09733147299994016,
    0.12127994000184117,
    0.07530326000050991,
    0.07572819699998945,
    0.06424139499722514,
    0.09457172799739055,
    0.10890259699954186,
    0.0889476789998298,
    0.08417465800084756,
    0.08644267600175226,
    0.131837386998086,
    0.09230055299849482,
    0.09447187099794974,
    0.08371949999855133,
    0.09390294900003937,
    0.1242689339997014,
    0.09814644699872588,
    0.06983653899806086,
    0.07643277100214618,
    0.07760205199883785,
    0.07555404499726137,
    0.07501138400039054,
    0.0806162429980759,
    0.06475468299686327,
    0.060695856001984794,
    0.07742830399729428,
    0.06296733400085941,
    0.06614110300142784,
    0.07171886200012523,
    0.06688193900117767,
    0.07119920600234764,
    0.07123606700042728,
    0.08730313599880901,
    0.09560939299990423,
    0.06870151000111946,
    0.10333523400186095,
    0.10427913900275598,
    0.08983682500183932,
    0.08754351899915491,
    0.12119196500134422,
    1.286703485999169,
    0.18888503199923434,
    0.9170801389991539,
    0.9593940779996046,
    0.6825994479986548,
    0.6668549070018344,
    1.8159945869992953,
    0.8891261879980448,
    0.611302320001414,
    0.5783604610005568,
    0.5785957989974122,
    0.39401062999968417,
    0.4140847880007641,
    0.31359697000152664,
    0.17436419099976774,
    0.19653211499826284,
    0.24810775399964768,
    0.17058249399997294,
    0.15014555000016117,
    0.13030647200139356,
    0.24010779400123283,
    0.1366094080003677,
    0.1198702889996639,
    0.15558540799975162,
    0.16952530499838758,
    0.11712136599817313,
    0.10913464599798317,
    0.09775316500235931,
    0.09113733199774288,
    0.09767447500053095,
    0.18424123600198072,
    0.12506186199971125,
    0.1352459590016224,
    0.19999694500074838,
    0.2969247950022691,
    0.11984094699801062,
    0.11258214900226449,
    0.19739717400079826,
    0.2687673990003532,
    0.19013910799912992,
    0.3976287229997979,
    0.3565994119999232,
    0.2396827660013514,
    0.2728527949984709,
    0.17461650900077075,
    0.1295863660016039,
    0.17390844100009417,
    0.2040776760004519,
    0.21835745900170878,
    0.24066108300030464,
    0.16474368900162517,
    0.14774868599852198,
    0.16687833900141413,
    0.11534100099743227,
    0.1146964699983073,
    0.09377230300015071,
    0.10763487000076566,
    0.09638726200137171,
    0.10305503599738586,
    0.10307674199793837,
    0.11019019500236027,
    0.10518714799763984,
    0.10919626299801166,
    0.12154040599853033,
    0.11554302000149619,
    0.11421647800307255,
    0.10381807999874582,
    0.12099867000142694,
    0.2382874590002757,
    0.2028360780022922,
    0.28585212500183843,
    0.10810091399980593,
    0.1021537749984418,
    0.1141872840016731,
    0.11561524200078566,
    0.08132935100002214,
    0.10436057000333676,
    0.09592388899909565,
    0.10983376199874328,
    0.09385990600276273,
    0.09405442800198216,
    0.12945240099725197,
    0.15149066500089248,
    0.11215841999728582,
    0.10884799199993722,
    0.08932809500038275,
    0.07133894399885321,
    0.09206479400017997,
    0.08779134099677322,
    0.08392427599756047,
    0.09182500899987645,
    0.09363464000125532,
    0.10426684900085093,
    0.07835840500047198,
    0.08563552700070431,
    0.09745183000268298,
    0.09877254399907542
  ],
  "avg_time_seconds": 0.16097098473006555,
  "min_time_seconds": 0.060695856001984794,
  "max_time_seconds": 1.8159945869992953,
  "avg_time_per_position_ms": 3.219419694601311,
  "total_time_seconds": 32.19419694601311,
  "version": "baseline",
  "description": "Baseline before Task #2 (early returns optimization)"
}