{
  "timestamp": "2025-11-28T21:29:52.080942",
  "iterations": 100,
  "num_positions": 20,
  "timings_seconds": [
    0.021662754003045848,
    0.01974582000184455,
    0.018991218999872217,
    0.0191501959998277,
    0.020475552999414504,
    0.022344189001159975,
    0.01878710399978445,
    0.018869308001740137,
    0.019057666999287903,
    0.019546380997780943,
    0.01892279100138694,
    0.01922853499854682,
    0.019272677000117255,
    0.019101048997981707,
    0.020392600003106054,
    0.01930121600162238,
    0.018602524000016274,
    0.018355485000938643,
    0.019618725000327686,
    0.01984880899908603,
    0.018753926000499632,
    0.018649798999831546,
    0.01881892399978824,
    0.01888102700104355,
    0.019449044000793947,
    0.0187890739980503,
    0.018382702000963036,
    0.018554239999502897,
    0.01882993199978955,
    0.019535004001227207,
    0.018878502000006847,
    0.019269989999884274,
    0.021125422998011345,
    0.018393431000731653,
    0.018821082001522882,
    0.018614052001794335,
    0.0201227760007896,
    0.018920673999673454,
    0.020331772000645287,
    0.0197912229996291,
    0.018913938001787756,
    0.0185234529999434,
    0.01934505899771466,
    0.019533278999006143,
    0.019296209000458475,
    0.018608148999192053,
    0.01916171799894073,
    0.018466994999471353,
    0.018763422001939034,
    0.01955843199903029,
    0.018397158000880154,
    0.018582854001579108,
    0.01955319799890276,
    0.019213436000427464,
    0.018664512997929705,
    0.01877710899861995,
    0.01915154599919333,
    0.01964285099893459,
    0.023026265000225976,
    0.021124869002960622,
    0.02166473900069832,
    0.021631260999129154,
    0.022367167999618687,
    0.024521833001927007,
    0.020646360000682762,
    0.021433338999486296,
    0.019395069997699466,
    0.01948952399834525,
    0.01891808200161904,
    0.019834593000268796,
    0.018905955999798607,
    0.018955781000840943,
    0.019910693998099305,
    0.02374935599800665,
    0.019017057999008102,
    0.01860948900139192,
    0.018810670997481793,
    0.018692132998694433,
    0.020318702998338267,
    0.021880585001781583,
    0.02253224099695217,
    0.022535203999723308,
    0.02210570800161804,
    0.020392521997564472,
    0.02002268500291393,
    0.021035374000348384,
    0.01847949000148219,
    0.01958673099943553,
    0.02216648000103305,
    0.02027605399780441,
    0.02031566600271617,
    0.018676078998396406,
    0.019389955999940867,
    0.01919294199979049,
    0.018959172997710994,
    0.019101800997304963,
    0.019802482001978206,
    0.018715131001954433,
    0.018600745999719948,
    0.019190229999367148
  ],
  "avg_time_seconds": 0.019703207419988756,
  "min_time_seconds": 0.018355485000938643,
  "max_time_seconds": 0.024521833001927007,
  "avg_time_per_position_ms": 0.9851603709994379,
  "total_time_seconds": 1.9703207419988757
}