{
  "timestamp": "2025-11-28T21:38:48.390324",
  "iterations": 200,
  "num_positions": 50,
  "timings_seconds": [
    0.07172146499942755,
    0.06590209700152627,
    0.06444520199875114,
    0.06064467599935597,
    0.061371885996777564,
    0.06423492099929717,
    0.049894014999154024,
    0.04722983099782141,
    0.04805940299775102,
    0.05374076100270031,
    0.06049712800086127,
    0.0488723630005552,
    0.049903275998076424,
    0.05098065800120821,
    0.05525366499932716,
    0.06269634099953691,
    0.055023683002218604,
    0.055815016999986256,
    0.046746367999730865,
    0.06034089300010237,
    0.06989659100145218,
    0.07448034000117332,
    0.05203320899818209,
    0.05111461900014547,
    0.049882082999829436,
    0.04921963499873527,
    0.050692734999756794,
    0.046587251003074925,
    0.060285505998763256,
    0.05677065700001549,
    0.05051560699939728,
    0.04778304600040428,
    0.0460383110003022,
    0.06136006599990651,
    0.06377546899966546,
    0.05713210999965668,
    0.05295515800025896,
    0.04730386599840131,
    0.057402937000006204,
    0.04887588599740411,
    0.052751592000277014,
    0.04575369300073362,
    0.04389704500135849,
    0.04645611399973859,
    0.04571736499929102,
    0.04809168499923544,
    0.04546138600198901,
    0.0451177299983101,
    0.048266565001540584,
    0.0453898730011133,
    0.04460144900076557,
    0.04498080899793422,
    0.045335399998293724,
    0.04506495199893834,
    0.045516886999394046,
    0.055838520001998404,
    0.07144794399937382,
    0.07067959499909193,
    0.050716533998638624,
    0.046691101997566875,
    0.1987632990021666,
    0.134352802997455,
    0.08342028800325352,
    0.06601306599986856,
    0.05955152200112934,
    0.09284645300067496,
    0.08605848099978175,
    0.11455002000002423,
    0.08041388399942662,
    0.0892367730011756,
    0.10368282700073905,
    0.07771267999851261,
    0.10162798600140377,
    0.14279172999886214,
    0.13522267199732596,
    0.05348434999905294,
    0.05108526699768845,
    0.053668939999624854,
    0.05768601599993417,
    0.06954417000088142,
    0.09756778800147003,
    0.058292868998250924,
    0.04582488199957879,
    0.046295031999761704,
    0.12167964500258677,
    0.1442477059972589,
    0.15423888800069108,
    0.33274306999737746,
    0.21234133200050564,
    0.18772949400226935,
    0.16548986799898557,
    0.18396841100184247,
    0.1882081930016284,
    0.13881661199775408,
    0.1254457770010049,
    0.15824151299966616,
    0.1691548819981108,
    0.17370104599831393,
    0.10382883299826062,
    0.1271276530023897,
    0.12175794199720258,
    0.10012779899989255,
    0.13450379999994766,
    0.11192291900078999,
    0.11984474100245279,
    0.11698989299839013,
    0.13776090999817825,
    0.128690778001328,
    0.11472958699960145,
    0.14307594199999585,
    0.09358520800014958,
    0.09910867600046913,
    0.09021141099947272,
    0.06593758599774446,
    0.0678532140009338,
    0.05467090700039989,
    0.07234033699933207,
    0.057982042999356054,
    0.059951077000732766,
    0.05560432800120907,
    0.06293091500265291,
    0.05611050899824477,
    0.05725599000288639,
    0.07053511499907472,
    0.060869134998938534,
    0.062050198001088575,
    0.06059276700034388,
    0.06081721100053983,
    0.05734942799972487,
    0.05945832900033565,
    0.06860756199967,
    0.07246851599848014,
    0.07689762800146127,
    0.06130992999896989,
    0.06991490099971998,
    0.057173518998752115,
    0.06522982000024058,
    0.05630133299928275,
    0.06872772499991697,
    0.06276476199855097,
    0.06393379700239166,
    0.08132730999932392,
    0.05510298499939381,
    0.05682307499955641,
    0.05910154500088538,
    0.10593643500033068,
    0.11815760099852923,
    0.09483234499930404,
    0.12846658600028604,
    0.09659131400258048,
    0.09501996000108193,
    0.0954250350005168,
    0.09966654399977415,
    0.09227550299692666,
    0.08630111800084705,
    0.0975027400018007,
    0.0669736309973814,
    0.25219274300252437,
    0.17760137900040718,
    0.09352386600221507,
    0.09120794000045862,
    0.06910034500106121,
    0.09869582499959506,
    0.09936388899950543,
    0.08486230000198702,
    0.0649020439996093,
    0.0838134590012487,
    0.06431156400140026,
    0.10876256499977899,
    0.07613403999857837,
    0.08114380899860407,
    0.07030104400109849,
    0.06638048700187937,
    0.06496776199855958,
    0.058256964999600314,
    0.07466861200009589,
    0.06877180200172006,
    0.09278434900261345,
    0.09456835400123964,
    0.07485860099768615,
    0.05071483899882878,
    0.046172893002221826,
    0.06137925000075484,
    0.05588075500054401,
    0.06728630299767246,
    0.058633177999581676,
    0.060626251997746294,
    0.0708806309994543,
    0.07586940200053505,
    0.06528588400033186,
    0.082324538998364,
    0.0747122409993608,
    0.08613871400302742,
    0.09409738199974527,
    0.07368804499856196,
    0.058481282998400275,
    0.06898171899956651,
    0.07905184799892595,
    0.11491965500317747,
    0.10068796399718849
  ],
  "avg_time_seconds": 0.08133175063992894,
  "min_time_seconds": 0.04389704500135849,
  "max_time_seconds": 0.33274306999737746,
  "avg_time_per_position_ms": 1.6266350127985787,
  "total_time_seconds": 16.26635012798579
}