{
  "timestamp": "2025-11-28T21:29:08.327421",
  "iterations": 100,
  "num_positions": 20,
  "timings_seconds": [
    0.025683709998702398,
    0.020152925000729738,
    0.02320113899986609,
    0.03706265399887343,
    0.06792625200250768,
    0.03622309099955601,
    0.04045523099921411,
    0.053271845001290785,
    0.03145509100068011,
    0.03947335499833571,
    0.02823916000124882,
    0.03880956600187346,
    0.033396122002159245,
    0.027862807000929024,
    0.02400205000230926,
    0.025664060998678906,
    0.034076838001055876,
    0.03719533600087743,
    0.0411442540025746,
    0.045254387998284074,
    0.0479930580004293,
    0.044116168002801714,
    0.0240333859983366,
    0.023890268999821274,
    0.03298669300056645,
    0.02315902400005143,
    0.12158002000069246,
    0.03565643399997498,
    0.046293268998852,
    0.03612355400036904,
    0.03792614299891284,
    0.023702451999270124,
    0.021638481000991305,
    0.023517360001278576,
    0.02035377399806748,
    0.02232984899819712,
    0.02174592400115216,
    0.022809539001173107,
    0.02045805500165443,
    0.01915215600092779,
    0.01916415700179641,
    0.01863724299983005,
    0.018414864996884717,
    0.020810232999792788,
    0.019779641002969583,
    0.019439333002083004,
    0.018076349999319063,
    0.01809049999792478,
    0.018625878998136614,
    0.02102698000089731,
    0.02019918800215237,
    0.018796274001942948,
    0.020732822998979827,
    0.018559821000962984,
    0.018934856001578737,
    0.020470247000048403,
    0.031346239000413334,
    0.02675720999832265,
    0.03630095100015751,
    0.02663210099854041,
    0.020028512997669168,
    0.022513693998917006,
    0.020755031000589952,
    0.018753364001895534,
    0.020271237000997644,
    0.017838200001278892,
    0.018975923001562478,
    0.018255287999636494,
    0.01925110900265281,
    0.020470078001380898,
    0.019190119000995765,
    0.01822485899901949,
    0.017907649002154358,
    0.01810339300209307,
    0.018424399000650737,
    0.019848415999149438,
    0.021933446998446016,
    0.01884492400131421,
    0.018331057999603217,
    0.02914421700188541,
    0.035858844999893336,
    0.024564138999267016,
    0.02347419099896797,
    0.02015025000218884,
    0.018801563001034083,
    0.0187240519990155,
    0.019705180002347333,
    0.019342243002029136,
    0.018497717999707675,
    0.01805099900229834,
    0.01796581599774072,
    0.019439892999798758,
    0.019454487999610137,
    0.018129798998415936,
    0.01904448700224748,
    0.019971674999396782,
    0.018313955999474274,
    0.017905429998791078,
    0.018326125002204208,
    0.01802268100072979
  ],
  "avg_time_seconds": 0.026116188220330513,
  "min_time_seconds": 0.017838200001278892,
  "max_time_seconds": 0.12158002000069246,
  "avg_time_per_position_ms": 1.3058094110165257,
  "total_time_seconds": 2.6116188220330514
}