{
  "timestamp": "2025-11-28T21:32:17.270703",
  "iterations": 200,
  "num_positions": 50,
  "timings_seconds": [
    0.10376109600110794,
    0.09935514500102727,
    0.09825622099742759,
    0.11950418599735713,
    0.24454587700165575,
    0.14475858399964636,
    0.1213206540014653,
    0.1495928990007087,
    0.23858742200172856,
    0.13508260600065114,
    0.1287371529979282,
    0.13199195000197506,
    0.1185176170001796,
    0.27653049700165866,
    0.1428144900019106,
    0.10033040300186258,
    0.12397298900032183,
    0.16280647899839096,
    0.12326351999945473,
    0.10962116299924674,
    0.09665007800140302,
    0.10309922799933702,
    0.09308468600283959,
    0.12122351099969819,
    0.12120716199933668,
    0.12005923000106122,
    0.1140902119987004,
    0.10927746599918464,
    0.09675935600171215,
    0.14102302799801691,
    0.09598366499994881,
    0.1026014019989816,
    1.4717046519981523,
    0.23798462500053574,
    0.3141331970000465,
    0.5197073290000844,
    0.26338066599782906,
    0.08705067299888469,
    0.09597225499965134,
    0.10384067899940419,
    0.1372531750021153,
    0.3232995779981138,
    0.24534615400261828,
    0.15478637700289255,
    0.11982172399802948,
    0.10955134599862504,
    0.20797378399947775,
    1.3797600260004401,
    1.4902170330024092,
    0.6410117090017593,
    0.26603874400097993,
    0.7129434809976374,
    1.3723017080010322,
    1.0471812249998038,
    0.27059267300137435,
    0.13780781599780312,
    0.6493040589994052,
    0.27505965499949525,
    0.23714444399956847,
    0.5072346180022578,
    0.3147437000006903,
    0.372903760002373,
    0.19658536099814228,
    0.13626854899848695,
    0.10973763799847802,
    0.2955967369998689,
    0.1897965429998294,
    0.12465695700302604,
    0.14000731499982066,
    0.09953991400107043,
    0.09272833700015326,
    0.12514273399938247,
    0.10770355500062578,
    0.1101387570015504,
    0.10079654500077595,
    0.08130877599978703,
    0.09514594299980672,
    0.10921632199824671,
    0.09533140500207082,
    0.08822215399777633,
    0.08312510500036296,
    0.10378292099994724,
    0.09116379200349911,
    0.08495508600026369,
    0.09924015199794667,
    0.0981659250028315,
    0.10462745300173992,
    0.1046998279998661,
    0.12148934700235259,
    0.11892350599737256,
    0.09046813899840345,
    0.07243784000093001,
    0.08513366800252697,
    0.09248968199972296,
    0.0912349419995735,
    0.09260913999969489,
    0.08783014400250977,
    0.10365281799749937,
    0.10020152499782853,
    0.09935832200062578,
    0.09856337000019266,
    0.1719422169990139,
    0.34931337099988014,
    0.11664032000044244,
    0.122843664001266,
    0.13118475399824092,
    0.12130267599786748,
    0.2489404630032368,
    0.12321556099777808,
    0.08098265300213825,
    0.1117831350020424,
    0.09261805899950559,
    0.10812797300241073,
    0.11664468800154282,
    0.11336259900053847,
    0.2437336970033357,
    0.1610078359990439,
    0.10581661899777828,
    0.11578824599928339,
    0.10640758400040795,
    0.13030005499967956,
    0.19003671099926578,
    0.11208337399875745,
    0.15721414899962838,
    0.10919898800057126,
    0.14454675099841552,
    0.11043093500120449,
    0.1327641659991059,
    0.1071581310025067,
    0.10791002800033311,
    0.09702216100049554,
    0.1031249250008841,
    0.10566747700067936,
    0.1407305409993569,
    0.10028188900105306,
    0.13989794300141511,
    0.15907919599703746,
    0.13067604699972435,
    0.1322535599974799,
    0.15618954000092344,
    0.13827253600175027,
    0.15345564899689634,
    0.10380831799920998,
    0.10692864899829146,
    0.14816435100146919,
    0.16982753299816977,
    0.14006941600018763,
    0.10380725199865992,
    0.10335612500057323,
    0.10608995000075083,
    0.10322661000100197,
    0.10016873499989742,
    0.11727481699927012,
    0.09293408499797806,
    0.08196283700090135,
    0.08167696300006355,
    0.07503288600128144,
    0.08688244800214306,
    0.07652016200154321,
    0.17649227900255937,
    0.09538924599837628,
    0.07221700300215161,
    0.08366980700157,
    0.07416483699853416,
    0.072810894002032,
    0.06579944300028728,
    0.07651960699877236,
    0.09162528500019107,
    0.09562968600221211,
    0.10555635700075072,
    0.06667220100280247,
    0.07085439199727261,
    0.08183557400116115,
    0.07097276299828081,
    0.07493035699735628,
    0.07534727000165731,
    0.07236304300022312,
    0.06745456399949035,
    0.07822888499867986,
    0.0798325969990401,
    0.09143882999705966,
    0.08929445800094982,
    0.07670267999856151,
    0.0800732310017338,
    0.07943687199804117,
    0.09144498199748341,
    0.07622820300093736,
    0.08617419200163567,
    0.08993705499960924,
    0.07522768700073357,
    0.08157150400074897,
    0.07382942100230139,
    0.08233769800062873,
    0.0663328080008796,
    0.08509177199812257,
    0.07105297799716936,
    0.0857515890020295,
    0.09671582699957071,
    0.08762320199821261,
    0.08726787700288696
  ],
  "avg_time_seconds": 0.16688059023510504,
  "min_time_seconds": 0.06579944300028728,
  "max_time_seconds": 1.4902170330024092,
  "avg_time_per_position_ms": 3.337611804702101,
  "total_time_seconds": 33.37611804702101
}