{
  "timestamp": "2025-11-28T21:46:57.959437",
  "iterations": 200,
  "num_positions": 50,
  "timings_seconds": [
    0.1089219339992269,
    0.09802097400097409,
    0.08703202399919974,
    0.11088276900045457,
    0.08726841799943941,
    0.0887409149981977,
    0.12584279300062917,
    0.1398369790003926,
    0.14138886100045056,
    0.1917432420013938,
    0.164501259001554,
    0.10886575600306969,
    0.16109909700026037,
    0.1790011160010181,
    0.27850061200297205,
    0.1507456559993443,
    0.21767190999889863,
    0.11462807700081612,
    0.13145842800076935,
    0.1914327439990302,
    0.12907303900283296,
    0.13861405300121987,
    0.14326140999764903,
    0.1269289440024295,
    0.14512716999888653,
    0.1671772770023381,
    0.12246256499929586,
    0.11078518000067561,
    0.10707120000006398,
    0.1137628640026378,
    0.10230016900095507,
    0.1825071429993841,
    0.15006474999972852,
    0.30487448799976846,
    0.10314669599756598,
    0.11122290400089696,
    0.09909520699875429,
    0.09748298100021202,
    0.17285977199935587,
    0.14450798800316988,
    0.15999174500029767,
    0.14564863700070418,
    0.1623018870013766,
    0.1505768019997049,
    0.10889471499831416,
    0.23049596000055317,
    0.11448908199963626,
    0.19225260299936053,
    0.16447250099736266,
    0.1651954509979987,
    0.19219014900227194,
    0.21509622699886677,
    0.09442325400232221,
    0.11811021199901006,
    0.10741977200086694,
    0.12378941700080759,
    0.15648619000057806,
    0.09273830199890654,
    0.06674855099845445,
    0.0757124850024411,
    0.0583316720003495,
    0.08974741400015773,
    0.08481783900060691,
    0.10336219999953755,
    0.0765874780008744,
    0.08255783100321423,
    0.08995549700193806,
    0.08111147100134986,
    0.07566160400165245,
    0.06949973799783038,
    0.08224309700017329,
    0.08162861399978283,
    0.06371668499923544,
    0.06468968599801883,
    0.09802857999966363,
    0.08314200599852484,
    0.06810568900255021,
    0.0748133710003458,
    0.07478377300139982,
    0.05910509299792466,
    0.061048618001223076,
    0.05885989599846653,
    0.07286871899850667,
    0.07594551399961347,
    0.07134067299921298,
    0.09402994600168313,
    0.08900329700190923,
    0.08878073199957726,
    0.07075972899838234,
    0.08073401000001468,
    0.07516645799842081,
    0.0707428979985707,
    0.07791603300211136,
    0.07881576799991308,
    0.07360145199709223,
    0.07437466699775541,
    0.07691888999761431,
    0.07676005300163524,
    0.08020747399859829,
    0.07258554600048228,
    0.08173184900078923,
    0.06993334100116044,
    0.07966748699982418,
    0.07864050699936342,
    0.07727664900085074,
    0.06874230100220302,
    0.1072475389992178,
    0.08666552499926183,
    0.08205463400008739,
    0.07733792900035041,
    0.0569605490018148,
    0.08128852699883282,
    0.09288220899907174,
    0.08599323100133915,
    0.11154435399657814,
    0.06861060400115093,
    0.06242495699916617,
    0.06451409000146668,
    0.07543261200044071,
    0.07094991800113348,
    0.07735480699921027,
    0.1502909289993113,
    0.08450783200169099,
    0.08682149599917466,
    0.13222767299885163,
    0.11421083200184512,
    0.058172469998680754,
    0.055735654997988604,
    0.05328968299727421,
    0.05519250400175224,
    0.05721537899808027,
    0.062530892999348,
    0.06718504600212327,
    0.06834791800065432,
    0.07306059599795844,
    0.07863593900037813,
    0.06710431299870834,
    0.06848555599935935,
    0.07531626700074412,
    0.06510260600043694,
    0.05529627900250489,
    0.059315392001735745,
    0.07427294700028142,
    0.07650540499889757,
    0.0625698400035617,
    0.0560887539977557,
    0.07187026300016441,
    0.19427029299913556,
    0.11880223299885984,
    0.10030705200188095,
    0.06772127800286398,
    0.07203302899870323,
    0.06908680900232866,
    0.06489372400028515,
    0.05595659900063765,
    0.06033889000173076,
    0.055176201996800955,
    0.060114544998214114,
    0.0531776540010469,
    0.055032790998666314,
    0.06155645700346213,
    0.053624201002094196,
    0.05433184200228425,
    0.054823727998154936,
    0.053664212002331624,
    0.05385077800019644,
    0.07174393300010706,
    0.10222304299895768,
    0.05976189200009685,
    0.05576328499955707,
    0.09459074200276518,
    0.10507479199804948,
    0.07043334799891454,
    0.08086410500254715,
    0.07043009200060624,
    0.09884305900050094,
    0.06069126900183619,
    0.060669990998576395,
    0.06453101100123604,
    0.09901672400155803,
    0.08923638200212736,
    0.07230939299915917,
    0.071288375002041,
    0.055112072001065826,
    0.05964980499993544,
    0.08920362199933152,
    0.06772691000151099,
    0.070233072998235,
    0.05972989499787218,
    0.05990275500153075,
    0.05614232500010985,
    0.05420120499911718,
    0.054162999000254786,
    0.07050136000179918,
    0.07551115000023856,
    0.06602066900086356,
    0.07187284599785926,
    0.07040314600089914,
    0.05422723800074891,
    0.056120690001989715
  ],
  "avg_time_seconds": 0.09466427308017955,
  "min_time_seconds": 0.0531776540010469,
  "max_time_seconds": 0.30487448799976846,
  "avg_time_per_position_ms": 1.893285461603591,
  "total_time_seconds": 18.93285461603591
}